{
  "stats": {
    "minecraft:broken": {
      "minecraft:copper_shovel": 1,
      "minecraft:iron_pickaxe": 1
    },
    "minecraft:picked_up": {
      "minecraft:spruce_sapling": 26,
      "minecraft:brewing_stand": 2,
      "minecraft:cobblestone": 335,
      "minecraft:saddle": 1,
      "minecraft:flint": 7,
      "minecraft:fishing_rod": 1,
      "minecraft:sugar_cane": 41,
      "minecraft:leather": 1,
      "minecraft:gold_nugget": 72,
      "minecraft:water_bucket": 1,
      "minecraft:stone_pickaxe": 1,
      "minecraft:cod": 15,
      "minecraft:iron_bars": 1,
      "minecraft:gold_ingot": 18,
      "minecraft:granite": 2,
      "minecraft:porkchop": 3,
      "minecraft:ink_sac": 3,
      "minecraft:salmon": 24,
      "minecraft:stick": 12,
      "minecraft:redstone_torch": 1,
      "minecraft:fire_charge": 1,
      "minecraft:spruce_boat": 4,
      "minecraft:cooked_salmon": 4,
      "minecraft:gold_block": 2,
      "minecraft:spectral_arrow": 10,
      "minecraft:cooked_porkchop": 3,
      "minecraft:arrow": 1,
      "minecraft:raw_iron": 77,
      "minecraft:dandelion": 1,
      "minecraft:spruce_door": 1,
      "minecraft:lava_bucket": 1,
      "minecraft:gunpowder": 3,
      "minecraft:chest": 2,
      "minecraft:golden_carrot": 12,
      "minecraft:iron_chestplate": 1,
      "minecraft:blackstone": 11,
      "minecraft:crying_obsidian": 3,
      "minecraft:netherrack": 8,
      "minecraft:dirt": 179,
      "minecraft:light_gray_carpet": 8,
      "minecraft:basalt": 34,
      "minecraft:iron_shovel": 1,
      "minecraft:gravel": 93,
      "minecraft:torch": 2,
      "minecraft:spruce_log": 99,
      "minecraft:leaf_litter": 7,
      "minecraft:coal": 157,
      "minecraft:sand": 69,
      "minecraft:furnace": 2,
      "minecraft:wheat_seeds": 10,
      "minecraft:shield": 1,
      "minecraft:iron_pickaxe": 1,
      "minecraft:pumpkin": 2,
      "minecraft:spider_eye": 1,
      "minecraft:bone_meal": 1,
      "minecraft:quartz": 2,
      "minecraft:iron_leggings": 1,
      "minecraft:red_bed": 1,
      "minecraft:poppy": 3,
      "minecraft:pufferfish": 2,
      "minecraft:flint_and_steel": 1,
      "minecraft:crafting_table": 7,
      "minecraft:snowball": 79,
      "minecraft:raw_copper": 120,
      "minecraft:stone_brick_stairs": 2,
      "minecraft:andesite": 4,
      "minecraft:rotten_flesh": 11,
      "minecraft:string": 5,
      "minecraft:stone_bricks": 1,
      "minecraft:white_carpet": 6,
      "minecraft:iron_helmet": 1
    },
    "minecraft:mined": {
      "minecraft:stone_bricks": 1,
      "minecraft:red_bed": 1,
      "minecraft:granite": 2,
      "minecraft:spruce_log": 91,
      "minecraft:bush": 4,
      "minecraft:nether_quartz_ore": 1,
      "minecraft:chest": 2,
      "minecraft:dandelion": 1,
      "minecraft:pumpkin": 2,
      "minecraft:netherrack": 7,
      "minecraft:coal_ore": 139,
      "minecraft:cobblestone": 9,
      "minecraft:spruce_sapling": 3,
      "minecraft:sugar_cane": 5,
      "minecraft:gravel": 85,
      "minecraft:short_grass": 78,
      "minecraft:furnace": 2,
      "minecraft:brewing_stand": 2,
      "minecraft:crafting_table": 6,
      "minecraft:leaf_litter": 4,
      "minecraft:white_carpet": 6,
      "minecraft:redstone_torch": 1,
      "minecraft:copper_ore": 33,
      "minecraft:iron_bars": 1,
      "minecraft:blackstone": 14,
      "minecraft:dirt": 55,
      "minecraft:andesite": 5,
      "minecraft:grass_block": 102,
      "minecraft:packed_ice": 3,
      "minecraft:spruce_leaves": 53,
      "minecraft:gold_block": 2,
      "minecraft:ice": 45,
      "minecraft:spruce_door": 1,
      "minecraft:light_gray_carpet": 8,
      "minecraft:wall_torch": 2,
      "minecraft:basalt": 27,
      "minecraft:nether_gold_ore": 17,
      "minecraft:sand": 69,
      "minecraft:fire": 3,
      "minecraft:stone_brick_stairs": 3,
      "minecraft:snow": 34,
      "minecraft:poppy": 3,
      "minecraft:iron_ore": 77,
      "minecraft:stone": 325
    },
    "minecraft:custom": {
      "minecraft:time_since_rest": 8627,
      "minecraft:talked_to_villager": 4,
      "minecraft:leave_game": 2,
      "minecraft:damage_taken": 2481,
      "minecraft:mob_kills": 40,
      "minecraft:boat_one_cm": 75240,
      "minecraft:time_since_death": 132885,
      "minecraft:interact_with_brewingstand": 2,
      "minecraft:interact_with_furnace": 87,
      "minecraft:sleep_in_bed": 15,
      "minecraft:swim_one_cm": 58399,
      "minecraft:total_world_time": 249526,
      "minecraft:crouch_one_cm": 2563,
      "minecraft:deaths": 3,
      "minecraft:climb_one_cm": 11198,
      "minecraft:fish_caught": 24,
      "minecraft:interact_with_campfire": 7,
      "minecraft:interact_with_crafting_table": 56,
      "minecraft:walk_one_cm": 537322,
      "minecraft:walk_under_water_one_cm": 39348,
      "minecraft:damage_dealt": 3458,
      "minecraft:play_time": 241755,
      "minecraft:jump": 4369,
      "minecraft:drop": 1,
      "minecraft:sprint_one_cm": 345012,
      "minecraft:open_chest": 83,
      "minecraft:interact_with_smoker": 39,
      "minecraft:fall_one_cm": 92729,
      "minecraft:fly_one_cm": 851392,
      "minecraft:walk_on_water_one_cm": 35528,
      "minecraft:sneak_time": 2553
    },
    "minecraft:used": {
      "minecraft:stone_axe": 40,
      "minecraft:iron_axe": 87,
      "minecraft:iron_pickaxe": 552,
      "minecraft:andesite": 4,
      "minecraft:copper_hoe": 27,
      "minecraft:campfire": 1,
      "minecraft:wheat_seeds": 3,
      "minecraft:copper_shovel": 324,
      "minecraft:wooden_axe": 24,
      "minecraft:salmon": 1,
      "minecraft:copper_leggings": 1,
      "minecraft:stone_bricks": 1,
      "minecraft:cooked_porkchop": 2,
      "minecraft:granite": 2,
      "minecraft:iron_shovel": 6,
      "minecraft:brewing_stand": 2,
      "minecraft:lava_bucket": 2,
      "minecraft:red_bed": 1,
      "minecraft:wooden_pickaxe": 44,
      "minecraft:light_gray_carpet": 7,
      "minecraft:spruce_door": 2,
      "minecraft:copper_block": 2,
      "minecraft:cobblestone": 127,
      "minecraft:crafting_table": 7,
      "minecraft:white_carpet": 6,
      "minecraft:poppy": 3,
      "minecraft:blackstone": 11,
      "minecraft:snowball": 16,
      "minecraft:copper_helmet": 2,
      "minecraft:stone_pickaxe": 90,
      "minecraft:spruce_boat": 5,
      "minecraft:cod": 3,
      "minecraft:smoker": 1,
      "minecraft:rotten_flesh": 5,
      "minecraft:water_bucket": 20,
      "minecraft:copper_boots": 2,
      "minecraft:bone_meal": 1,
      "minecraft:furnace": 5,
      "minecraft:torch": 93,
      "minecraft:dirt": 119,
      "minecraft:fishing_rod": 33,
      "minecraft:obsidian": 2,
      "minecraft:cooked_salmon": 21,
      "minecraft:gravel": 52,
      "minecraft:basalt": 16,
      "minecraft:cooked_cod": 9,
      "minecraft:iron_bars": 1,
      "minecraft:snow_block": 1,
      "minecraft:redstone_torch": 1,
      "minecraft:stone_brick_stairs": 1,
      "minecraft:flint_and_steel": 2,
      "minecraft:bucket": 24,
      "minecraft:chest": 5,
      "minecraft:splash_potion": 1,
      "minecraft:spruce_sapling": 24,
      "minecraft:copper_chestplate": 1,
      "minecraft:sugar_cane": 5,
      "minecraft:copper_axe": 28
    },
    "minecraft:killed_by": {
      "minecraft:piglin": 1
    },
    "minecraft:killed": {
      "minecraft:salmon": 19,
      "minecraft:zombie": 3,
      "minecraft:zombified_piglin": 1,
      "minecraft:creeper": 4,
      "minecraft:pig": 3,
      "minecraft:squid": 1,
      "minecraft:magma_cube": 5,
      "minecraft:spider": 4
    },
    "minecraft:dropped": {
      "minecraft:water_bucket": 1
    },
    "minecraft:crafted": {
      "minecraft:wooden_axe": 1,
      "minecraft:copper_boots": 2,
      "minecraft:cooked_salmon": 19,
      "minecraft:copper_leggings": 1,
      "minecraft:gold_ingot": 26,
      "minecraft:stone_pickaxe": 2,
      "minecraft:spruce_door": 3,
      "minecraft:iron_chestplate": 2,
      "minecraft:iron_boots": 1,
      "minecraft:stick": 76,
      "minecraft:wooden_pickaxe": 1,
      "minecraft:copper_chestplate": 1,
      "minecraft:iron_helmet": 1,
      "minecraft:chest": 3,
      "minecraft:air": 0,
      "minecraft:copper_hoe": 1,
      "minecraft:copper_shovel": 2,
      "minecraft:bucket": 2,
      "minecraft:furnace": 4,
      "minecraft:snow_block": 1,
      "minecraft:iron_ingot": 77,
      "minecraft:spruce_boat": 1,
      "minecraft:golden_boots": 1,
      "minecraft:copper_ingot": 58,
      "minecraft:glass": 69,
      "minecraft:crafting_table": 3,
      "minecraft:copper_axe": 1,
      "minecraft:torch": 200,
      "minecraft:shield": 2,
      "minecraft:copper_helmet": 2,
      "minecraft:spruce_planks": 104,
      "minecraft:cooked_cod": 12,
      "minecraft:iron_pickaxe": 3,
      "minecraft:campfire": 1,
      "minecraft:iron_shovel": 1,
      "minecraft:copper_block": 2,
      "minecraft:fishing_rod": 1,
      "minecraft:smoker": 1,
      "minecraft:iron_axe": 2,
      "minecraft:iron_leggings": 2
    }
  },
  "DataVersion": 4671
}